feature,importancia,std
puntaje_datacredito,0.06512133882310384,0.007670960492961895
huella_consulta,0.027317459810836952,0.01097389736916812
edad_cliente,0.01700658559679975,0.004533998399683375
promedio_ingresos_datacredito,0.008083580692179215,0.009800995872972793
plazo_meses,0.005118466268764677,0.006430008462527129
tipo_laboral_Empleado,0.003688572553275238,0.0035563736527232217
cuota_pactada,0.00282627429702208,0.005921667327449505
saldo_mora,0.0026932856702094774,0.001063076312815872
capital_prestado,0.002337940059366117,0.008030582731012741
saldo_principal,0.0023310246507718623,0.0027265154816429405
ratio_capital_salario,0.0022017597055099536,0.0027970190754587516
sin_historial_financiero,0.0021735661166256692,0.0006481258271270167
creditos_sectorFinanciero,0.0019857861755663065,0.0018704386620844939
ratio_cuota_salario,0.00023140021065393146,0.0017194663176691384
ratio_deuda_salario,5.638717776851321e-05,0.005164882817965236
saldo_mora_codeudor,0.0,0.0
tipo_credito_Rare,0.0,0.0
tendencia_ingresos_Estable,-2.5533816348088935e-05,0.00021967595804666483
tipo_credito_10,-7.074994946437707e-05,4.817346652908655e-05
saldo_mora_na,-8.351685763841044e-05,0.00010154759356507095
saldo_mora_codeudor_na,-0.00012607321821840324,0.0002954627808913243
saldo_principal_na,-0.00013192471779817084,0.00037029383435306244
tipo_credito_4,-0.00015586267062440707,0.0007879036422015997
creditos_sectorReal,-0.00039524219888715796,0.0018428673900587665
creditos_sectorCooperativo,-0.0006867532688604405,0.0023135183442360343
tendencia_ingresos_Decreciente,-0.0008873001180939699,0.0005344477865057913
promedio_ingresos_datacredito_na,-0.0011990254593427063,0.0019764342881609717
cant_creditosvigentes,-0.0021193067568861966,0.002048377432410112
salario_cliente,-0.0026805187620354888,0.0015552815162172948
plazo_largo,-0.0035321779281436206,0.0034888697764780333
total_otros_prestamos,-0.003758790548232349,0.003104212493721213
tendencia_ingresos_Creciente,-0.005534986647941898,0.006096365872971647
